[
  {"name": "-------", "value": ""},
  {"name": "English", "value": "lang_en"},
  {"name": "Afrikaans (Afrikaans)", "value": "lang_af"},
  {"name": "Arabic (عربى)", "value": "lang_ar"},
  {"name": "Armenian (հայերեն)", "value": "lang_hy"},
  {"name": "Belarusian (Беларуская)", "value": "lang_be"},
  {"name": "Bulgarian (български)", "value": "lang_bg"},
  {"name": "Catalan (Català)", "value": "lang_ca"},
  {"name": "Chinese, Simplified (简体中文)", "value": "lang_zh-CN"},
  {"name": "Chinese, Traditional (正體中文)", "value": "lang_zh-TW"},
  {"name": "Croatian (Hrvatski)", "value": "lang_hr"},
  {"name": "Czech (čeština)", "value": "lang_cs"},
  {"name": "Danish (Dansk)", "value": "lang_da"},
  {"name": "Dutch (Nederlands)", "value": "lang_nl"},
  {"name": "Esperanto (Esperanto)", "value": "lang_eo"},
  {"name": "Estonian (Eestlane)", "value": "lang_et"},
  {"name": "Filipino (Pilipino)", "value": "lang_tl"},
  {"name": "Finnish (Suomalainen)", "value": "lang_fi"},
  {"name": "French (Français)", "value": "lang_fr"},
  {"name": "German (Deutsch)", "value": "lang_de"},
  {"name": "Greek (Ελληνικά)", "value": "lang_el"},
  {"name": "Hebrew (עִברִית)", "value": "lang_iw"},
  {"name": "Hindi (हिंदी)", "value": "lang_hi"},
  {"name": "Hungarian (Magyar)", "value": "lang_hu"},
  {"name": "Icelandic (Íslenska)", "value": "lang_is"},
  {"name": "Indonesian (Indonesian)", "value": "lang_id"},
  {"name": "Italian (Italiano)", "value": "lang_it"},
  {"name": "Japanese (日本語)", "value": "lang_ja"},
  {"name": "Korean (한국어)", "value": "lang_ko"},
  {"name": "Latvian (Latvietis)", "value": "lang_lv"},
  {"name": "Lithuanian (Lietuvis)", "value": "lang_lt"},
  {"name": "Norwegian (Norwegian)", "value": "lang_no"},
  {"name": "Persian (فارسی)", "value": "lang_fa"},
  {"name": "Polish (Polskie)", "value": "lang_pl"},
  {"name": "Portuguese (Português)", "value": "lang_pt"},
  {"name": "Romanian (Română)", "value": "lang_ro"},
  {"name": "Russian (русский)", "value": "lang_ru"},
  {"name": "Serbian (Српски)", "value": "lang_sr"},
  {"name": "Sinhala (සිංහල)", "value": "lang_si"},
  {"name": "Slovak (Slovák)", "value": "lang_sk"},
  {"name": "Slovenian (Slovenščina)", "value": "lang_sl"},
  {"name": "Spanish (Español)", "value": "lang_es"},
  {"name": "Swahili (Kiswahili)", "value": "lang_sw"},
  {"name": "Swedish (Svenska)", "value": "lang_sv"},
  {"name": "Thai (ไทย)", "value": "lang_th"},
  {"name": "Turkish (Türk)", "value": "lang_tr"},
  {"name": "Ukrainian (Український)", "value": "lang_uk"},
  {"name": "Vietnamese (Tiếng Việt)", "value": "lang_vi"},
  {"name": "Xhosa (isiXhosa)", "value": "lang_xh"},
  {"name": "Zulu (isiZulu)", "value": "lang_zu"}
]
